epoch,train_seconds,peak_alloc_mib,peak_reserved_mib,batch
1,134.21678614616394,2411.56396484375,2622.0,16
2,107.2459487915039,2399.234375,2630.0,16
3,106.76708889007568,2406.95703125,2630.0,16
4,106.00384902954102,2421.0107421875,2632.0,16
5,106.65148258209229,2416.63818359375,2632.0,16
6,106.81578803062439,2403.53125,2632.0,16
7,106.26631450653076,2403.56298828125,2632.0,16
8,107.0535180568695,2405.69287109375,2632.0,16
9,106.40921187400818,2405.7373046875,2632.0,16
10,106.57513642311096,2416.650390625,2632.0,16
11,107.3420467376709,2412.291015625,2632.0,16
12,106.75332474708557,2414.45458984375,2632.0,16
13,106.55982756614685,2410.0654296875,2632.0,16
14,106.05317401885986,2403.57421875,2632.0,16
15,106.45558023452759,2396.0732421875,2632.0,16
16,105.17758369445801,2414.41162109375,2632.0,16
17,106.34813618659973,2410.03857421875,2632.0,16
18,106.09578895568848,2407.92138671875,2632.0,16
19,107.7394654750824,2413.55517578125,2632.0,16
20,106.57089638710022,2403.56201171875,2632.0,16
21,105.86744976043701,2410.09521484375,2632.0,16
22,104.97558236122131,2403.57568359375,2632.0,16
23,106.27721381187439,2401.3916015625,2632.0,16
24,105.83762645721436,2405.7119140625,2632.0,16
25,106.60075449943542,2418.8486328125,2632.0,16
26,107.60368347167969,2423.14599609375,2632.0,16
27,107.46049690246582,2423.1865234375,2632.0,16
28,107.499276638031,2399.20458984375,2632.0,16
29,106.83990669250488,2414.44140625,2632.0,16
30,107.99925231933594,2403.51171875,2632.0,16
31,109.03725504875183,2416.63330078125,2632.0,16
32,108.70612072944641,2405.73876953125,2632.0,16
33,107.69539308547974,2410.04052734375,2632.0,16
34,107.31652593612671,2405.71044921875,2632.0,16
35,109.3090980052948,2410.11328125,2632.0,16
36,108.63388276100159,2414.423828125,2632.0,16
37,106.92827868461609,2399.2021484375,2632.0,16
38,105.52818894386292,2405.77197265625,2632.0,16
39,107.27802181243896,2407.90576171875,2632.0,16
40,106.25253582000732,2407.9365234375,2632.0,16
41,92.30349493026733,2400.591796875,2632.0,16
42,88.3181083202362,2357.716796875,2632.0,16
43,89.43447351455688,2357.68505859375,2632.0,16
44,88.22316932678223,2357.71142578125,2632.0,16
45,88.70170950889587,2357.71142578125,2632.0,16
46,88.86738991737366,2362.02587890625,2632.0,16
47,86.97195363044739,2355.5078125,2632.0,16
48,89.29838180541992,2357.716796875,2632.0,16
49,88.33299040794373,2357.68310546875,2632.0,16
50,88.61330509185791,2357.7021484375,2632.0,16
