epoch,train_seconds,batch,peak_alloc_mib,peak_reserved_mib
1,107.9031355381012,16,2803.41650390625,2972.0
2,103.55059289932251,16,2803.46728515625,2982.0
3,104.15849661827087,16,2803.408203125,2982.0
4,105.76268982887268,16,2823.8955078125,3034.0
5,104.2494306564331,16,2819.67529296875,3036.0
6,105.37865972518921,16,2807.09375,3036.0
7,104.37464928627014,16,2807.1240234375,3036.0
8,104.31541991233826,16,2809.25537109375,3036.0
9,103.59781122207642,16,2809.2890625,3036.0
10,103.3487958908081,16,2819.6787109375,3036.0
11,103.92387318611145,16,2815.32861328125,3036.0
12,104.01743602752686,16,2817.49365234375,3036.0
13,104.8192789554596,16,2813.6279296875,3036.0
14,103.9967725276947,16,2807.13525390625,3036.0
15,104.28622722625732,16,2799.36181640625,3036.0
16,102.76328682899475,16,2817.44873046875,3036.0
17,102.40560865402222,16,2813.59912109375,3036.0
18,101.67124319076538,16,2811.48388671875,3036.0
19,102.9236569404602,16,2803.66748046875,3036.0
20,103.01201176643372,16,2807.12255859375,3036.0
21,105.99312496185303,16,2813.64697265625,3036.0
22,104.27112340927124,16,2807.134765625,3036.0
23,104.84193348884583,16,2804.9541015625,3036.0
24,106.2502543926239,16,2809.27294921875,3036.0
25,105.13061261177063,16,2821.88623046875,3036.0
26,104.81269121170044,16,2826.70849609375,3036.0
27,104.43408632278442,16,2826.73974609375,3036.0
28,103.88023662567139,16,2803.6875,3036.0
29,104.43677520751953,16,2817.48046875,3036.0
30,103.78945446014404,16,2807.07421875,3036.0
31,104.29279923439026,16,2819.66162109375,3036.0
32,103.4179151058197,16,2809.30126953125,3036.0
33,105.01097869873047,16,2813.60302734375,3036.0
34,106.25982785224915,16,2809.27099609375,3036.0
35,106.66648769378662,16,2813.673828125,3036.0
36,106.47725915908813,16,2817.462890625,3036.0
37,105.67947959899902,16,2803.6865234375,3036.0
38,105.23812961578369,16,2809.33447265625,3036.0
39,104.14575910568237,16,2811.46826171875,3036.0
40,104.65391540527344,16,2811.4990234375,3036.0
41,105.1065571308136,16,2759.06884765625,3036.0
42,103.0660810470581,16,2761.14501953125,3036.0
43,103.25072360038757,16,2761.11474609375,3036.0
44,103.16015291213989,16,2761.1318359375,3036.0
45,104.01395320892334,16,2761.14111328125,3036.0
46,103.2535662651062,16,2765.68603515625,3036.0
47,103.93141913414001,16,2759.0703125,3036.0
48,102.0377049446106,16,2761.14501953125,3036.0
49,104.31178307533264,16,2761.111328125,3036.0
50,103.08834624290466,16,2761.13037109375,3036.0
