,A,B,B-A3,Δ (B-A3 − B),Δ (B-A3 − A)
mAP50,0.8633425974051431,0.7475858309196095,0.8016609046180264,0.05407507369841691,-0.06168169278711666
mAP50-95,0.6017233908784168,0.49014217902833346,0.531345234863978,0.04120305583564454,-0.07037815601443875
AP50-95 car,0.7637805042618073,0.7101057107979187,0.727453497748962,0.01734778695104322,-0.03632700651284537
AP50-95 pedestrian,0.41416560504465005,0.3114561895734119,0.3568158530777842,0.04535966350437226,-0.05734975196686587
AP50-95 cyclist,0.49714377150728967,0.3440246329652472,0.3869102158630112,0.04288558289776401,-0.11023355564427845
mAP50-95 small,0.33362071762627854,0.23111758283979558,0.2979797901677005,0.0668622073279049,-0.03564092745857805
AP50-95 car small (primary),0.5634556455068707,0.47868808346266106,0.5295429560219734,0.05085487255931237,-0.03391268948489723
params fused (M),2.376396,7.141005,8.126093,0.9850879999999993,5.749696999999999
GFLOPs @640,5.3173248,17.824516864,20.988267264,3.1637504000000014,15.670942464000001
latency b1 640 FP16 (ms),11.066336154937744,10.483823776245117,11.533295631408691,1.0494718551635742,0.46695947647094727
throughput b32 FP16 (img/s),365.8729801844943,226.77299678637186,246.38873400146014,19.615737215088274,-119.48424618303414
peak inference mem b1 (MiB),154.92236328125,182.4326171875,211.6669921875,29.234375,56.74462890625
peak train mem (MiB),2442.5625,2683.57373046875,2831.30615234375,147.732421875,388.74365234375
train s/epoch,91.68534342050552,118.87312495708466,108.99349942207337,-9.879625535011286,17.308156001567852
epochs (best),20 (19),20 (17),20 (16),,
