,A,B,B-RN,Δ (B-RN − B),Δ (B-RN − A)
mAP50,0.8485998929625036,0.7309021773318438,0.732175951333079,0.001273774001235184,-0.1164239416294246
mAP50-95,0.5879932481253975,0.47177873822536387,0.4607108564918744,-0.011067881733489493,-0.12728239163352317
AP50-95 car,0.752372181310288,0.7024100474478632,0.695423516862097,-0.006986530585766149,-0.05694866444819102
AP50-95 pedestrian,0.39754412712791687,0.2907904784090266,0.2902298183698776,-0.000560660039149008,-0.10731430875803927
AP50-95 cyclist,0.4728405008162341,0.3150881426746909,0.32246183457734967,0.007373691902658797,-0.1503786662388844
mAP50-95 small,0.3055084339046768,0.21782145658781685,0.24082991714821916,0.023008460560402316,-0.06467851675645764
AP50-95 car small (primary),0.55048458416573,0.47008936377993304,0.47142802479356705,0.0013386610136340016,-0.07905655937216294
params fused (M),2.376396,7.141005,7.141005,0.0,4.764609
GFLOPs @640,5.3173248,17.824516864,17.824516864,0.0,12.507192064
latency b1 640 FP16 (ms),11.398367881774902,13.950975894927979,10.813424110412598,-3.137551784515381,-0.5849437713623047
throughput b32 FP16 (img/s),375.240166718377,244.03287164970033,263.28780450018775,19.25493285048742,-111.95236221818925
peak inference mem b1 (MiB),246.154296875,273.9921875,301.34326171875,27.35107421875,55.18896484375
peak train mem (MiB),2423.1865234375,2829.40478515625,2826.73974609375,-2.6650390625,403.55322265625
train s/epoch,103.83624937057495,104.45927016735077,104.30724417209625,-0.15202599525451888,0.47099480152130013
epochs (best),50 (40),50 (50),50 (50),,
