,A: YOLO26n,B: + ZipDepth (pretrained),Δ (B − A),B / A
mAP50,0.8485998767540288,0.7309021773318438,-0.117697699422185,0.8613036571812981
mAP50-95,0.5879936702135479,0.47177886119864504,-0.11621480901490283,0.8023536393296617
AP50-95 car,0.7523716808601836,0.7024100474478632,-0.049961633412320405,0.9335944790542894
AP50-95 pedestrian,0.3975480042832236,0.29079146219527613,-0.10675654208794749,0.7314625128594752
AP50-95 cyclist,0.4728405008162341,0.3150881426746909,-0.1577523581415432,0.6663729992053864
mAP50-95 small,0.3055084339046768,0.21782071748282375,-0.08768771642185305,0.7129777554710227
AP50-95 car small (primary),0.55048458416573,0.4700849291499745,-0.08039965501575547,0.8539474903959342
params fused (M),2.376396,7.141005,4.764609,3.0049726560724723
GFLOPs @640,5.3173248,17.824516864,12.507192064,3.3521587517091302
latency b1 640 FP16 (ms),12.334895610809326,11.787551879882812,-0.5473437309265137,0.9556263994283937
throughput b32 FP16 (img/s),512.5094595527958,317.6878966124306,-194.82156294036514,0.6198673813545568
peak inference mem b1 (MiB),101.69677734375,130.8232421875,29.12646484375,1.2864049933981514
peak train mem (MiB),2423.1865234375,2829.40478515625,406.21826171875,1.167638049233822
train s/epoch,103.83624937057495,104.45927016735077,0.623020796775819,1.0060000317861286
